Date,Time,Event,Duration (seconds)
2026-10-09,00:03:04,NO_SEATBELT,1.6
2026-10-09,00:03:11,DISTRACTION,2.09
2026-10-09,00:03:24,YAWNING,2.17
2026-10-09,00:03:29,DROWSINESS,2.14
2026-10-09,00:03:36,PHONE_USAGE,1.09
2026-10-09,00:03:44,NO_SEATBELT,1.62
2026-10-09,00:03:46,DROWSINESS,2.13
2026-10-09,00:04:05,DISTRACTION,2.03
2026-10-09,00:04:12,NO_SEATBELT,1.63
2026-10-09,00:04:25,NO_SEATBELT,1.55
2026-10-09,00:04:26,DISTRACTION,2.17
2026-10-09,00:04:32,DROWSINESS,2.04
2026-10-09,00:08:42,NO_SEATBELT,1.6
2026-10-09,00:08:54,NO_SEATBELT,1.67
2026-10-09,00:10:32,NO_SEATBELT,1.68
2026-10-09,00:10:34,NO_SEATBELT,1.52
2026-10-09,00:10:37,DROWSINESS,2.17
2026-10-09,00:10:52,DISTRACTION,2.07
2026-10-09,00:10:58,DISTRACTION,2.12
2026-10-09,00:10:59,NO_SEATBELT,1.66
2026-10-09,00:11:04,NO_SEATBELT,1.52
2026-10-09,00:11:13,DROWSINESS,2.15
2026-10-09,00:11:14,DISTRACTION,2.13
2026-10-09,00:11:30,NO_SEATBELT,1.63
2026-10-09,00:11:34,DISTRACTION,2.14
